Statements,CTA,Keywords
Feeling Hungry?Tap to order now,order,"hungry,order"
Feeling Hungry?Order food now,order,"hungry,food"
Are You Ready to Subscribe?,subscribe,"ready,subscribe"
Order now while theres still time,order,order
Feeling hungry?start to order now,order,"hungry,order"
Hungry?Tasty food just a click away!,order,"hungry,food"
"why control your Hunger pangs,Order Now!",order,Hunger pangs
Hungry but Health a priority? Clean and tasty Food Just a click away!,order,"Health,food"
Bet you can't shop just one! Stress free styles @ min 50% off,sell,"shop,stress free"
Your Determination to procrastination is commendable!,remind,procrastination
on a weekend Binge Watch? Click to subscribe Now!,subscribe,"Binge,movie"
Treat yourself 10% off!,"order,sell",Treat yourself
sign up for free,sign up,sign up
"For new discounts and arrivals,sign up!",sign up,"discounts,arrivals,sign up"
sign up for 80% off!,sign up,sign up
sign up with facebook,sign up,"sign up,facebook"
sign up with email,sign up,"sign up,email"
We never share your data. Subscribe now,subscribe,"data,subscribe"
Get instant access,subscribe,instant access
"Yes, Sign me up!",sign up,sign up
can't get enough?pick up more,sell,"pick,sell"
"earn now,spend later!",reward,"earn,spend"
Together Tastes Better,subscribe,"together,better"
See ALL Limited Time Deals,sell,"Limited,Time"
claim discount,sell,discount
Start your free trial now,subscribe,free trial
claim your coupon,sell,"claim,coupon"
Free gift with purchase,sell,free gift
See your hand-selected deals,sell,hand-selected deals
Get free shipping,sell,free shipping
Complete our 5-minute survey,feedback,survey
Give us your feedback,feedback,feedback
Let us know how we did,feedback,feedback
Leave a review,feedback,review
Like it?just buy it!,sell,buy it
Join for free,subscribe,"join,free"
Take control of your process-try it free!,sell,"control,free,process"
Shop All Departments,sell,"shop,departments"
Grab Your Goodies,reward,"grab,goodies"
Shop Gift Ideas,sell,"shop,gift"
create just what you needed,create,create
create!never end,create,"create,end"
create goes on and on!,create,create
Create it right!,create,create
Create innovate your world!,create,"create,world"
"If you lift with your back, youll hear it crack",work,"back,crack"
The wonder has a name:Create,create,"wonder,create"
create no one else is better,create,"create,better"
create gets you loadin',create,create
It's my create!,create,create
create is job 1,create,create
Dream don't work unless you do,work,"dream,work"
You dont have to be crazy to work herebut it helps!,work,work
"If work was so good, the rich would have kept more of it for themselves.",work,work
"Hard work pays off later, laziness pays off now",work,"hard work,laziness"
There is no substitute for hard work...except harder work,work,"substitute,hard work"
Use your brain and your muscle to work hard and hustle,work,"hustle,work"
"Limited time, blow out sale",sell,"time,sale"
Splash yourself in Big Discount on This sale,sell,"discount,sale"
we don't make it until you order it,order,order
"Place an order on our app, enjoy the food on your lap.",order,"food,order"
Order. Eat. Smile,order,"order,eat,smile"
Takes a work but it keeps on ticking!,work,"work,ticking"
Dream don't work unless you work hard,work,"dream,work"
You dont have to be crazy to work herebut it helps!,work,work
"If work was so good, the rich would have kept more of it for themselves.",work,work
"Hard work pays off later, laziness pays off now",work,"hard work,laziness"
There is no substitute for hard work...except harder work,work,"substitute,hard work"
Use your brain and your muscle to work hard and hustle,work,"hustle,work"
"If you lift with your back, youll hear it crack",work,"back,crack"
The wonder has a name:Create,create,"wonder,create"
create no one else is better,create,"create,better"
create gets you loadin',create,create
It's my create!,create,create
create is job 1,create,create
create just what you needed,create,create
create!never end,create,"create,end"
create goes on and on!,create,create
Create it right!,create,create
Create innovate your world!,create,"create,world"
Shop.see more.Do more.,shop,shop
shop is the buzz!,shop,shop
"shop,something for everyone!",shop,shop
shop is the best forget the rest!,shop,shop
shop is inspiration!,shop,"shop,inpiration"
Problem?The solution:shop,shop,shop
shop is everything you now!,shop,shop
stay cool while shop!,shop,shop
I can't believe I ate the shop,shop,shop
All you need is shop!,shop,shop
Learn as far as the eye can see,Learn,learn
Come to learn and let's get it done!,Learn,learn
say yes to learn!,Learn,learn
Enjoy learn!,Learn,learn
learn!no one else is better,Learn,learn
learn to shape your life!,Learn,"life,learn"
Learn for all!,Learn,learn
Learn as sure as the sun shines,Learn,learn
Learn-be prepared,Learn,learn
Simple Learn!,Learn,learn
"Win,the clever way",win,win
"Win,the real thing!",win,win
Make every win count!,win,win
"Win,you've got it!",win,win
Win the sign of success,win,"win,success"
Win for everyone,win,win
spin the wheel to win!,win,"spin,win"
win excited goodies!,win,"win,goodies"
Spin it to win it,win,"spin,win"
Win is my habit,win,win
"live,love,laugh",laugh,"laugh,hurts"
laugh for all,laugh,laugh for all
probably the best laugh in the world,laugh,laugh 
A good laugh heals a lot of hurts,laugh,"laugh,hurts"
"A good laugh is a mighty good thing,a rather too scare a good thing",laugh,laugh
A good laugh is the sunshine in the house,laugh,laugh
Always laugh when you can.It is a cheap medicine,laugh,"laugh,cheap"
laughter is the best medicine,laugh,laugh
An optimistic laughs to forget; a pessimist forgets to laugh,laugh,laugh
Earth laughs in flowers,laugh,laugh
God is a comedian playing to an audience too afraid to laugh,laugh,"laugh,afraid"
Laugh. No one else is better,laugh,"laugh,better"
Kids will do anything to laugh,laugh,"kids,laugh,anything"
Welcome to the laugh,laugh,laugh
I will do anything for a laugh!,laugh,"laugh,anything"
Laugh-It's like a heaven,laugh,"laugh,heaven"
Behold the power of laugh,laugh,laugh
It all comes back to laugh,laugh,"laugh,comes"
Long life laugh,laugh,"long,life,laugh"
The age of laugh,laugh,"laugh,age"
Nothing sucks like a cry,cry,"nothing,sucks,laugh"
Doing it right before your cry,cry,"right,cry"
"A cry A day helps you work,rest and play",cry,"helps,work,cry,rest,play"
come fly the friendly cry,cry,"fly,friendly,cry"
cry gives the warm feel!,cry,"cry,warm"
cry better than best,cry,"cry,better,best"
"Cry,The real thing!",cry,"cry,thing,real"
The science of cry!,cry,cry
All you need is cry,cry,cry
cry for all time,cry,"cry,time"
"cry,couldn't be better",cry,"cry,better"
Let's face the music and cry,cry,"face,music,cry"
"The power of cry,face,music",cry,"cry,face,music"
"I fall for cry,music and face",cry,"cry,face,music"
"Make every cry,face,music count",cry,"cry,face,music"
Shop-your game,sell,"shop,game"
"shop,You'll love it!",sell,"shop,love"
shop-first class!,sell,"shop,first class"
pure shop.pure power,sell,"shop,power"
can't do it in real life?Do it on Shop.,sell,"shop,life"
shop the key to success,sell,"shop,success"
shop is crazy good,sell,"shop,crazy,good"
"shop,when there's nothing else",sell,shop
I fall for shop,sell,"shop,"
"shop,something for everyone!",sell,"shop,everyone"
"shop,just the best",sell,"shop,best"
All the shop That's fit to print,sell,"print,shop"
There's only one true shop!,sell,shop
You've always got time for shop,sell,"shop,time"
show me the shoes!,sell,shoes
Lightening the shoes!,sell," shoes,lightning"
It's a beautiful shoes,sell,shoes
food or shoes?I'll have shoes,sell,"food,shoes"
swing for shoes,sell,shoes
You wouldn't want to miss shoes,sell,shoes
"Dude,you are getting a shoes!",sell,shoes
Let your shoes do the walking,sell,"shoes,walking"
Step into the light with shoes,sell,"Step,shoes"
shoes will do anything for you,sell,shoes
I like the shoes in you,sell,shoes
I learned it by watching shoes!,sell,shoes
Strong and beautiful like the shoes!,sell,"Strong,beautiful,shoes"
shoes is there day and night!,sell,shoes
shoes the best service around,sell,"shop,services"
Get more life from shoes!,sell,"shoes,life"
I fall for shoes,sell,shoes
Bring out the shoes,sell,shoes
A radical new shoes,sell,shoes
obey your shoes,sell,shoes
uh-oh better get shoes!,sell,shoes
shoes?yes please,sell,shoes
we build shoes,sell,shoes
shoes rocks!,sell,shoes
shoes wins again,sell,shoes
fast shoes and good for you,sell,shoes
be part of the shoes,sell,shoes
driven by shoes,sell,shoes
shoes lasts longer.,sell,shoes
shoes loaded for bear,sell,shoes
shoes-a class of it's own,sell,shoes
"I liked the shoes so much,I broght the company!",sell,"shoes,company"
Don't get in the way of shoes,sell,shoes
This is the age of shoes,sell,shoes
The future of shoes,sell,shoes
Gotta lot of shoes!,sell,shoes
"Shoes tested,mother approved",sell,shoes
My shoes and me,sell,shoes
Dress-today and tomorrow,sell,dress
dress gets you going!,sell,dress
grab life by dress,sell,"dress,life"
dress as good as it gets! ,sell,dress
"dress,so what!",sell,dress
shake the bottle!wake the dress!,sell,"bottle,dress"
My dress.,sell,dress
I trust the dress,sell,dress
"dress sees all,knows all!",sell,dress
dress have another serving!,sell,"dress,serving"
dress moments,sell,dress
"dress, yep that's it!",sell,dress
Dress. The power of your side,sell,dress
Dress is your safe place in an unsafe world!,sell,dress
My way is dress!,sell,dress
dress never sleeps,sell,dress
free for all dress!,sell,dress
Dress not included,sell,dress
Dress wanted,sell,dress
The home of dress,sell,dress
Photography loves you,sell,photography
3...2...1..Photography!,sell,photography
Go to work on a photography!,sell,photography
A taste for photography,sell,photography
Nothing works better than a photography!,sell,photography
Think.feel.photography,sell,photography
photography opens the flood gate,sell,photography
Photography extending services,sell,"photography,services"
The photography gets straight in your head!,sell,photography
The queen buys the photography!,sell,"photography,queen"
The one and the only photography!,sell,photography
Let the photography flow!,sell,photography
Spreads straight from the photography,sell,photography
Photography gets you through,sell,photography
Can you tell photography from butter!,sell,photography
Photography just one more helping!,sell,photography
"LOOK,Ma,No Photography!",sell,photography
It's the photography you can see,sell,photography
Photography is job 1,sell,photography
The magic of photography,sell,photography
Savour the flavour of Watch!,sell,watch
Every watch helps,sell,watch
"watch,where success is at home",sell,watch
The american way of watch!,sell,watch
we are in the watch!,sell,watch
Made in scotland from watch!,sell,watch
"Like watch, Like never before",sell,watch
say watch,sell,watch
Strong and beautiful like the watch!,sell,watch
watch rocks,sell,watch
watch the only way to go,sell,watch
The watch that smiles back,sell,"watch,smile"
Where's watch?,sell,watch
Something special in the watch,sell,watch
Saved the watch!,sell,watch
"Watch the time is now!Once driven,Forever watch",sell,"watch,time"
Hapiness is the cigar called watch.,sell,"Hapiness,watch"
"Watch-once you have it,you love it!",sell,watch
Watch to play it safe!,sell,watch
See the USA in your watch!,sell,watch
